"id","name","desc","is_root","is_enable","parent_id","level"
1,技术,,1,1,267,1
2,金融,,1,1,267,1
3,房地产/建筑,,1,1,267,1
4,供应链/物流,,1,1,267,1
5,影视/传媒,,1,1,267,1
6,生活服务,,1,1,267,1
7,销售,,1,1,267,1
8,人事/行政/党群,,1,1,267,1
267,root,,1,1,267,0
1873,财务/法务,,1,1,267,1
1874,电子/通信/半导体,,1,1,267,1
1875,产品,,1,1,267,1
1876,设计,,1,1,267,1
1877,游戏,,1,1,267,1
1878,运营/客服,,1,1,267,1
1879,市场,,1,1,267,1
1880,项目管理,,1,1,267,1
1881,高级管理,,1,1,267,1
1882,采购/贸易,,1,1,267,1
1883,汽车,,1,1,267,1
1884,生产制造,,1,1,267,1
1885,能源/环保,,1,1,267,1
1886,农/林/牧/渔,,1,1,267,1
1887,医疗健康,,1,1,267,1
1888,教育培训,,1,1,267,1
1889,咨询/翻译/法律,,1,1,267,1
1890,管培生/非企业从业者,,1,1,267,1
1891,房地产销售,,0,1,7,2
1892,外贸销售,,0,1,7,2
1893,金融销售,,0,1,7,2
1894,医疗销售,,0,1,7,2
1895,汽车销售,,0,1,7,2
1896,广告/会展销售,,0,1,7,2
1897,教培销售,,0,1,7,2
1898,服务业销售,,0,1,7,2
1899,销售工程师,,0,1,7,2
1900,其他销售,,0,1,7,2
1901,销售管理,,0,1,7,2
1902,商务拓展,,0,1,7,2
1903,销售行政,,0,1,7,2
1904,人力资源,,0,1,8,2
1905,行政,,0,1,8,2
1906,文员/助理,,0,1,8,2
1907,档案管理,,0,1,8,2
1908,党群/工会,,0,1,8,2
1909,财务,,0,1,1873,2
1910,合规风控/法务,,0,1,1873,2
1911,后端开发,,0,1,1,2
1912,前端开发,,0,1,1,2
1913,移动研发,,0,1,1,2
1914,数据,,0,1,1,2
1915,人工智能/算法,,0,1,1,2
1916,IT技术管理,,0,1,1,2
1917,测试,,0,1,1,2
1918,运维,,0,1,1,2
1919,售前/售后/技术支持,,0,1,1,2
1920,半导体/芯片,,0,1,1874,2
1921,电子/电路,,0,1,1874,2
1922,电气/仪器/自动化,,0,1,1874,2
1923,通信,,0,1,1874,2
1924,硬件,,0,1,1874,2
1925,互联网产品经理,,0,1,1875,2
1926,其他产品经理,,0,1,1875,2
1927,视觉/交互设计,,0,1,1876,2
1928,动画动效设计,,0,1,1876,2
1929,建筑/室内设计,,0,1,1876,2
1930,工业设计,,0,1,1876,2
1931,广告设计,,0,1,1876,2
1932,服装/纺织设计,,0,1,1876,2
1933,其他设计,,0,1,1876,2
1934,游戏策划/制作,,0,1,1877,2
1935,游戏设计,,0,1,1877,2
1936,游戏开发/测试,,0,1,1877,2
1937,游戏推广/运营,,0,1,1877,2
1938,电商运营,,0,1,1878,2
1939,新媒体运营,,0,1,1878,2
1940,网络/网站运营,,0,1,1878,2
1941,互联网运营,,0,1,1878,2
1942,业务运营,,0,1,1878,2
1943,运营管理,,0,1,1878,2
1944,数据分析,,0,1,1878,2
1945,客户服务,,0,1,1878,2
1946,市场营销/推广,,0,1,1879,2
1947,市场调研,,0,1,1879,2
1948,策划,,0,1,1879,2
1949,广告,,0,1,1879,2
1950,公关媒介,,0,1,1879,2
1951,品牌,,0,1,1879,2
1952,会展会务,,0,1,1879,2
1953,IT项目管理,,0,1,1880,2
1954,其他项目管理,,0,1,1880,2
1955,项目管理,,0,1,1880,2
1956,高级管理职位,,0,1,1881,2
1957,房地产规划开发,,0,1,3,2
1958,房地产销售,,0,1,3,2
1959,物业管理,,0,1,3,2
1960,建筑/规划设计,,0,1,3,2
1961,装饰/装修,,0,1,3,2
1962,建筑工程,,0,1,3,2
1963,安装工程,,0,1,3,2
1964,工程管理,,0,1,3,2
1965,工程安全/质检,,0,1,3,2
1966,施工员,,0,1,3,2
1967,保险,,0,1,2,2
1968,银行/金融服务,,0,1,2,2
1969,投融资,,0,1,2,2
1970,证券/基金/期货,,0,1,2,2
1971,信托/担保/拍卖/典当,,0,1,2,2
1972,采购,,0,1,1882,2
1973,进出口贸易,,0,1,1882,2
1974,招投标,,0,1,1882,2
1975,物流,,0,1,4,2
1976,供应链,,0,1,4,2
1977,仓储,,0,1,4,2
1978,配送理货,,0,1,4,2
1979,驾驶员,,0,1,4,2
1980,乘务,,0,1,4,2
1981,汽车设计/制造,,0,1,1883,2
1982,汽车服务,,0,1,1883,2
1983,汽车销售,,0,1,1883,2
1984,机械设计/制造,,0,1,1884,2
1985,其他机械设计/制造,,0,1,1884,2
1986,新能源,,0,1,1884,2
1987,化工/食品,,0,1,1884,2
1988,服装/纺织/皮革,,0,1,1884,2
1989,印刷包装,,0,1,1884,2
1990,飞机/船舶/轨道交通,,0,1,1884,2
1991,生产管理,,0,1,1884,2
1992,生产质量管理,,0,1,1884,2
1993,普工/技工,,0,1,1884,2
1994,能源/矿产/地质,,0,1,1885,2
1995,环境科学/环保,,0,1,1885,2
1996,农业/林业,,0,1,1886,2
1997,畜牧/渔业,,0,1,1886,2
1998,生物/医药研发,,0,1,1887,2
1999,临床研究/试验,,0,1,1887,2
2000,医药市场/销售,,0,1,1887,2
2001,医疗器械,,0,1,1887,2
2002,医生/药剂师,,0,1,1887,2
2003,护士/医助,,0,1,1887,2
2004,医务管理,,0,1,1887,2
2005,药店,,0,1,1887,2
2006,健康整形,,0,1,1887,2
2007,早教/幼教,,0,1,1888,2
2008,中小学教育,,0,1,1888,2
2009,高等教育,,0,1,1888,2
2010,才艺特长培训,,0,1,1888,2
2011,语言培训,,0,1,1888,2
2012,留学辅导,,0,1,1888,2
2013,IT培训,,0,1,1888,2
2014,职业培训,,0,1,1888,2
2015,教务管理,,0,1,1888,2
2016,特殊教育,,0,1,1888,2
2017,科研/学术研究,,0,1,1888,2
2018,影视制作,,0,1,5,2
2019,采编/写作/出版,,0,1,5,2
2020,演艺人员/经纪人,,0,1,5,2
2021,广告,,0,1,5,2
2022,公关媒介,,0,1,5,2
2023,舞美设计,,0,1,5,2
2024,场务/剧务,,0,1,5,2
2025,咨询服务,,0,1,1889,2
2026,翻译服务,,0,1,1889,2
2027,法律服务,,0,1,1889,2
2028,其他服务,,0,1,1889,2
2029,餐饮服务,,0,1,6,2
2030,零售百货,,0,1,6,2
2031,安保服务,,0,1,6,2
2032,酒店服务,,0,1,6,2
2033,家政/维修,,0,1,6,2
2034,旅游服务,,0,1,6,2
2035,美容/保健,,0,1,6,2
2036,运动健身,,0,1,6,2
2037,宠物服务,,0,1,6,2
2038,婚礼/花艺,,0,1,6,2
2039,管培生/培训生,,0,1,1890,2
2040,政府及非盈利机构从业者,,0,1,1890,2
2041,社工,,0,1,1890,2
2042,房产销售,,0,1,1891,3
2043,房地产销售总监,,0,1,1891,3
2044,物业招商管理,,0,1,1891,3
2045,外贸业务员,,0,1,1892,3
2046,外贸经理,,0,1,1892,3
2047,保险顾问,,0,1,1893,3
2048,车险专员,,0,1,1893,3
2049,续保专员,,0,1,1893,3
2050,理财顾问,,0,1,1893,3
2051,信用卡销售,,0,1,1893,3
2052,基金销售,,0,1,1893,3
2053,证券经纪人,,0,1,1893,3
2054,期货经纪人,,0,1,1893,3
2055,外汇经纪人,,0,1,1893,3
2056,医药代表,,0,1,1894,3
2057,医药招商,,0,1,1894,3
2058,医疗器械销售,,0,1,1894,3
2059,医美咨询,,0,1,1894,3
2060,健康顾问,,0,1,1894,3
2061,药店店员,,0,1,1894,3
2062,药店店长,,0,1,1894,3
2063,汽车销售,,0,1,1895,3
2064,汽车金融销售,,0,1,1895,3
2065,汽车配件销售,,0,1,1895,3
2066,二手车经纪人,,0,1,1895,3
2067,"4S店店长",,0,1,1895,3
2068,广告销售,,0,1,1896,3
2069,媒介顾问,,0,1,1896,3
2070,会展活动销售,,0,1,1896,3
2071,会议活动销售,,0,1,1896,3
2072,课程顾问,,0,1,1897,3
2073,留学顾问,,0,1,1897,3
2074,服装销售,,0,1,1898,3
2075,珠宝销售,,0,1,1898,3
2076,美容顾问,,0,1,1898,3
2077,彩妆顾问,,0,1,1898,3
2078,健身顾问,,0,1,1898,3
2079,会籍顾问,,0,1,1898,3
2080,旅游顾问,,0,1,1898,3
2081,家装顾问,,0,1,1898,3
2082,促销员,,0,1,1898,3
2083,店员/营业员,,0,1,1898,3
2084,商品销售,,0,1,1898,3
2085,卖场经理,,0,1,1898,3
2086,门店店长,,0,1,1898,3
2087,销售工程师,,0,1,1899,3
2088,芯片销售工程师,,0,1,1899,3
2089,电子元器件销售工程师,,0,1,1899,3
2090,销售顾问,,0,1,1900,3
2091,电话销售,,0,1,1900,3
2092,网络销售,,0,1,1900,3
2093,大客户代表,,0,1,1900,3
2094,渠道销售,,0,1,1900,3
2095,渠道经理,,0,1,1900,3
2096,代理商销售,,0,1,1900,3
2097,销售团队经理,,0,1,1901,3
2098,城市经理,,0,1,1901,3
2099,销售总监,,0,1,1901,3
2100,区域总监,,0,1,1901,3
2101,销售督导,,0,1,1901,3
2102,房地产销售总监,,0,1,1901,3
2103,BD经理,,0,1,1902,3
2104,商务渠道,,0,1,1902,3
2105,商务专员,,0,1,1902,3
2106,商务经理,,0,1,1902,3
2107,商务总监,,0,1,1902,3
2108,招商,,0,1,1902,3
2109,选址开发,,0,1,1902,3
2110,销售助理,,0,1,1903,3
2111,销售行政主管,,0,1,1903,3
2112,人力资源专员/助理,,0,1,1904,3
2113,人力资源经理/主管,,0,1,1904,3
2114,人力资源总监,,0,1,1904,3
2115,人力资源VP/CHO,,0,1,1904,3
2116,HRBP,,0,1,1904,3
2117,招聘专员/助理,,0,1,1904,3
2118,招聘经理/主管,,0,1,1904,3
2119,绩效考核专员,,0,1,1904,3
2120,绩效考核经理,,0,1,1904,3
2121,薪酬福利,,0,1,1904,3
2122,培训专员/助理,,0,1,1904,3
2123,培训经理/主管,,0,1,1904,3
2124,员工关系,,0,1,1904,3
2125,企业文化,,0,1,1904,3
2126,社保专员,,0,1,1904,3
2127,组织发展（OD）,,0,1,1904,3
2128,人事信息系统（HRIS）管理,,0,1,1904,3
2129,人事测评,,0,1,1904,3
2130,猎头顾问,,0,1,1904,3
2131,人力资源咨询顾问,,0,1,1904,3
2132,行政专员/助理,,0,1,1905,3
2133,行政经理/主管,,0,1,1905,3
2134,行政总监,,0,1,1905,3
2135,前台,,0,1,1905,3
2136,后勤,,0,1,1905,3
2137,销售行政主管,,0,1,1905,3
2138,秘书/文员,,0,1,1906,3
2139,企业秘书,,0,1,1906,3
2140,仓库文员,,0,1,1906,3
2141,销售助理,,0,1,1906,3
2142,统计员,,0,1,1906,3
2143,录入员,,0,1,1906,3
2144,订单处理员,,0,1,1906,3
2145,IT技术文员/助理,,0,1,1906,3
2146,资料管理,,0,1,1907,3
2147,档案管理,,0,1,1907,3
2148,合同管理,,0,1,1907,3
2149,图书馆里,,0,1,1907,3
2150,合约专员,,0,1,1907,3
2151,党务/党群,,0,1,1908,3
2152,工会干事,,0,1,1908,3
2153,纪检监察,,0,1,1908,3
2154,财务助理,,0,1,1909,3
2155,财务专员,,0,1,1909,3
2156,财务主管,,0,1,1909,3
2157,财务经理,,0,1,1909,3
2158,财务总监,,0,1,1909,3
2159,CFO,,0,1,1909,3
2160,出纳,,0,1,1909,3
2161,会计,,0,1,1909,3
2162,会计助理,,0,1,1909,3
2163,会计经理,,0,1,1909,3
2164,总账会计,,0,1,1909,3
2165,固定资产会计,,0,1,1909,3
2166,注册会计师,,0,1,1909,3
2167,成本会计,,0,1,1909,3
2168,成本经理/主管,,0,1,1909,3
2169,成本经理,,0,1,1909,3
2170,审计,,0,1,1909,3
2171,审计经理,,0,1,1909,3
2172,税务,,0,1,1909,3
2173,资产管理,,0,1,1909,3
2174,资金管理,,0,1,1909,3
2175,财务分析,,0,1,1909,3
2176,财务顾问,,0,1,1909,3
2177,财务咨询顾问,,0,1,1909,3
2178,核销员,,0,1,1909,3
2179,法务专员/助理,,0,1,1910,3
2180,法务经理/主管,,0,1,1910,3
2181,法务总监,,0,1,1910,3
2182,风控,,0,1,1910,3
2183,合规稽查,,0,1,1910,3
2184,Java,,0,1,1911,3
2185,.NET,,0,1,1911,3
2186,C#,,0,1,1911,3
2187,C++,,0,1,1911,3
2188,C,,0,1,1911,3
2189,PHP,,0,1,1911,3
2190,Python,,0,1,1911,3
2191,GIS,,0,1,1911,3
2192,Golang,,0,1,1911,3
2193,Delphi,,0,1,1911,3
2194,Node.js,,0,1,1911,3
2195,VB,,0,1,1911,3
2196,Erlang,,0,1,1911,3
2197,Ruby,,0,1,1911,3
2198,Perl,,0,1,1911,3
2199,mano,,0,1,1911,3
2200,全栈工程师,,0,1,1911,3
2201,嵌入式软件开发,,0,1,1911,3
2202,脚本开发,,0,1,1911,3
2203,需求分析工程师,,0,1,1911,3
2204,配置管理,,0,1,1911,3
2205,系统集成,,0,1,1911,3
2206,云计算,,0,1,1911,3
2207,语音/视频/图形开发,,0,1,1911,3
2208,ERP技术/应用,,0,1,1911,3
2209,web前端,,0,1,1912,3
2210,HTML5,,0,1,1912,3
2211,JavaScript,,0,1,1912,3
2212,前端开发,,0,1,1912,3
2213,Android,,0,1,1913,3
2214,iOS,,0,1,1913,3
2215,U3D,,0,1,1913,3
2216,UE4,,0,1,1913,3
2217,COCOS2DX,,0,1,1913,3
2218,小游戏开发,,0,1,1913,3
2219,微信开发,,0,1,1913,3
2220,小程序开发,,0,1,1913,3
2221,移动开发,,0,1,1913,3
2222,数据挖掘,,0,1,1914,3
2223,数据开发,,0,1,1914,3
2224,数据采集,,0,1,1914,3
2225,数据仓库,,0,1,1914,3
2226,数据库开发,,0,1,1914,3
2227,数据架构师,,0,1,1914,3
2228,ETL工程师,,0,1,1914,3
2229,BI,,0,1,1914,3
2230,爬虫,,0,1,1914,3
2231,Hadoop,,0,1,1914,3
2232,数据分析师,,0,1,1914,3
2233,销售数据分析,,0,1,1914,3
2234,商业数据分析,,0,1,1914,3
2235,金融数据分析,,0,1,1914,3
2236,临床数据分析,,0,1,1914,3
2237,机器视觉,,0,1,1915,3
2238,图像识别,,0,1,1915,3
2239,自然语言处理,,0,1,1915,3
2240,语音识别,,0,1,1915,3
2241,音视频算法,,0,1,1915,3
2242,机器人算法,,0,1,1915,3
2243,导航算法,,0,1,1915,3
2244,机器学习,,0,1,1915,3
2245,深度学习,,0,1,1915,3
2246,推荐算法,,0,1,1915,3
2247,搜索算法,,0,1,1915,3
2248,反欺诈/风控算法,,0,1,1915,3
2249,算法工程师,,0,1,1915,3
2250,智能驾驶系统工程师,,0,1,1915,3
2251,架构师,,0,1,1916,3
2252,研发经理,,0,1,1916,3
2253,IT技术/研发总监,,0,1,1916,3
2254,CTO,,0,1,1916,3
2255,CIO,,0,1,1916,3
2256,软件测试,,0,1,1917,3
2257,功能测试,,0,1,1917,3
2258,自动化测试,,0,1,1917,3
2259,测试开发,,0,1,1917,3
2260,性能开发,,0,1,1917,3
2261,系统测试,,0,1,1917,3
2262,移动端测试,,0,1,1917,3
2263,协议测试,,0,1,1917,3
2264,渗透测试,,0,1,1917,3
2265,游戏测试,,0,1,1917,3
2266,硬件测试,,0,1,1917,3
2267,通信测试,,0,1,1917,3
2268,无人机组装测试,,0,1,1917,3
2269,测试工程师,,0,1,1917,3
2270,测试经理,,0,1,1917,3
2271,运维工程师,,0,1,1918,3
2272,运维开发工程师,,0,1,1918,3
2273,运维总监,,0,1,1918,3
2274,系统工程师,,0,1,1918,3
2275,网络工程师,,0,1,1918,3
2276,网络运维,,0,1,1918,3
2277,网络管理员,,0,1,1918,3
2278,网络信息安全工程师,,0,1,1918,3
2279,系统安全,,0,1,1918,3
2280,系统管理员,,0,1,1918,3
2281,网优工程师,,0,1,1918,3
2282,DBA,,0,1,1918,3
2283,Helpdesk,,0,1,1918,3
2284,ERP实施顾问,,0,1,1918,3
2285,IT技术支持,,0,1,1918,3
2286,IT文档工程师,,0,1,1918,3
2287,IT质量管理工程师,,0,1,1918,3
2288,IT质量管理经理/主管,,0,1,1918,3
2289,信息技术专员,,0,1,1918,3
2290,信息技术经理/主管,,0,1,1918,3
2291,信息技术标准化工程师,,0,1,1918,3
2292,标准化工程师,,0,1,1918,3
2293,现场应用工程师（FAE）,,0,1,1918,3
2294,设备维护工程师,,0,1,1918,3
2295,计算机硬件维护工程师,,0,1,1918,3
2296,软件售后技术支持,,0,1,1919,3
2297,硬件售后技术支持,,0,1,1919,3
2298,售后技术支持,,0,1,1919,3
2299,售前顾问,,0,1,1919,3
2300,售前技术支持,,0,1,1919,3
2301,解决方案工程师,,0,1,1919,3
2302,现场技术支持,,0,1,1919,3
2303,技术支持工程师,,0,1,1919,3
2304,实施顾问,,0,1,1919,3
2305,实施工程师,,0,1,1919,3
2306,集成电路IC设计,,0,1,1920,3
2307,数字前端工程师,,0,1,1920,3
2308,数字后端工程师,,0,1,1920,3
2309,模拟芯片设计,,0,1,1920,3
2310,模拟版图工程师,,0,1,1920,3
2311,版图设计工程师,,0,1,1920,3
2312,IC验证工程师,,0,1,1920,3
2313,芯片测试工程师,,0,1,1920,3
2314,工艺整合工程师（PIE）,,0,1,1920,3
2315,封装工程师,,0,1,1920,3
2316,半导体设备工程师,,0,1,1920,3
2317,半导体工艺工程师,,0,1,1920,3
2318,半导体技术,,0,1,1920,3
2319,芯片销售工程师,,0,1,1920,3
2320,电子工程师,,0,1,1921,3
2321,电子技术研发工程师,,0,1,1921,3
2322,电路工程师/技术员,,0,1,1921,3
2323,电子/电器工艺/制程工程师,,0,1,1921,3
2324,电子元器件工程师,,0,1,1921,3
2325,电控工程师,,0,1,1921,3
2326,电子工程设计,,0,1,1921,3
2327,SMT工程师,,0,1,1921,3
2328,电磁兼容工程师,,0,1,1921,3
2329,线路结构设计,,0,1,1921,3
2330,失效分析工程师（FA）,,0,1,1921,3
2331,激光/光电子技术,,0,1,1921,3
2332,激光工程师,,0,1,1921,3
2333,电子元器件销售工程师,,0,1,1921,3
2334,电气工程师,,0,1,1922,3
2335,自动化工程师,,0,1,1922,3
2336,自动化设计工程师,,0,1,1922,3
2337,电气线路设计,,0,1,1922,3
2338,电器研发,,0,1,1922,3
2339,电子/电器设备工程师,,0,1,1922,3
2340,电子/电器设备经理,,0,1,1922,3
2341,家电/数码产品研发,,0,1,1922,3
2342,仪器/仪表工程师,,0,1,1922,3
2343,电池工程师,,0,1,1922,3
2344,电声/音响工程师/技术员,,0,1,1922,3
2345,空调工程/设计,,0,1,1922,3
2346,变压器与磁电工程师,,0,1,1922,3
2347,通信技术工程师,,0,1,1923,3
2348,通信研发工程师,,0,1,1923,3
2349,数据通信工程师,,0,1,1923,3
2350,移动通信工程师,,0,1,1923,3
2351,无线通信工程师,,0,1,1923,3
2352,无线电工程师,,0,1,1923,3
2353,电信网络工程师,,0,1,1923,3
2354,电信交换工程师,,0,1,1923,3
2355,有线传输工程师,,0,1,1923,3
2356,室内设计工程师,,0,1,1923,3
2357,"5G",,0,1,1923,3
2358,核心网工程师,,0,1,1923,3
2359,光通信工程师,,0,1,1923,3
2360,光网络工程师,,0,1,1923,3
2361,光传输工程师,,0,1,1923,3
2362,光伏系统工程师,,0,1,1923,3
2363,通信电源工程师,,0,1,1923,3
2364,通信标准化工程师,,0,1,1923,3
2365,通信设备工程师,,0,1,1923,3
2366,通信项目经理,,0,1,1923,3
2367,通信测试,,0,1,1923,3
2368,基站工程师,,0,1,1923,3
2369,转播工程师,,0,1,1923,3
2370,硬件工程师,,0,1,1924,3
2371,嵌入式硬件,,0,1,1924,3
2372,单片机,,0,1,1924,3
2373,PCB工程师,,0,1,1924,3
2374,FPGA开发,,0,1,1924,3
2375,ARM开发,,0,1,1924,3
2376,DSP开发,,0,1,1924,3
2377,PLC工程师,,0,1,1924,3
2378,驱动开发,,0,1,1924,3
2379,硬件交互设计师,,0,1,1924,3
2380,射频工程师,,0,1,1924,3
2381,硬件测试,,0,1,1924,3
2382,硬件售后技术支持,,0,1,1924,3
2383,硬件产品经理,,0,1,1924,3
2384,硬件项目经理,,0,1,1924,3
2385,工业机器人工程师,,0,1,1924,3
2386,机器人调试工程师,,0,1,1924,3
2387,无人机工程师,,0,1,1924,3
2388,仿真应用工程师,,0,1,1924,3
2389,安防系统工程师,,0,1,1924,3
2390,音频/视频工程师,,0,1,1924,3
2391,产品经理,,0,1,1925,3
2392,产品总监/VP,,0,1,1925,3
2393,软件产品经理,,0,1,1925,3
2394,电商产品经理,,0,1,1925,3
2395,数据产品经理,,0,1,1925,3
2396,供应链产品经理,,0,1,1925,3
2397,安全产品经理,,0,1,1925,3
2398,移动产品经理,,0,1,1925,3
2399,策略产品经理,,0,1,1925,3
2400,网页产品经理,,0,1,1925,3
2401,商业化产品经理,,0,1,1925,3
2402,业务增长产品经理,,0,1,1925,3
2403,产品专员,,0,1,1926,3
2404,产品助理,,0,1,1926,3
2405,产品经理,,0,1,1926,3
2406,产品总监/VP,,0,1,1926,3
2407,游戏策划,,0,1,1926,3
2408,游戏数值策划,,0,1,1926,3
2409,游戏制作人,,0,1,1926,3
2410,金融产品经理,,0,1,1926,3
2411,医药产品经理,,0,1,1926,3
2412,旅游产品经理,,0,1,1926,3
2413,硬件产品经理,,0,1,1926,3
2414,平面设计,,0,1,1927,3
2415,美工,,0,1,1927,3
2416,UI设计师,,0,1,1927,3
2417,UE设计师,,0,1,1927,3
2418,UX设计师,,0,1,1927,3
2419,交互设计师,,0,1,1927,3
2420,网页设计师,,0,1,1927,3
2421,"3D设计师",,0,1,1927,3
2422,美术设计师（2D/3D）,,0,1,1927,3
2423,设计师助理,,0,1,1927,3
2424,设计经理/主管,,0,1,1927,3
2425,设计总监,,0,1,1927,3
2426,主笔设计师,,0,1,1927,3
2427,CAD设计/制图,,0,1,1927,3
2428,原画师,,0,1,1927,3
2429,插画师,,0,1,1927,3
2430,手绘师,,0,1,1927,3
2431,漫画师,,0,1,1927,3
2432,人像修图师,,0,1,1927,3
2433,计算机辅助设计师,,0,1,1927,3
2434,动画设计,,0,1,1928,3
2435,Flash设计师,,0,1,1928,3
2436,特效设计,,0,1,1928,3
2437,角色模型师,,0,1,1928,3
2438,动漫手绘,,0,1,1928,3
2439,建筑设计师,,0,1,1929,3
2440,室内设计,,0,1,1929,3
2441,家装设计,,0,1,1929,3
2442,家居设计,,0,1,1929,3
2443,软装设计,,0,1,1929,3
2444,硬装设计,,0,1,1929,3
2445,空间设计师,,0,1,1929,3
2446,深化设计,,0,1,1929,3
2447,工业设计,,0,1,1930,3
2448,家具设计,,0,1,1930,3
2449,橱柜设计,,0,1,1930,3
2450,包装设计,,0,1,1930,3
2451,珠宝设计,,0,1,1930,3
2452,玩具设计,,0,1,1930,3
2453,广告设计,,0,1,1931,3
2454,广告创意设计,,0,1,1931,3
2455,广告创意/设计总监,,0,1,1931,3
2456,广告美术指导,,0,1,1931,3
2457,服装/纺织设计,,0,1,1932,3
2458,服装/纺织设计总监,,0,1,1932,3
2459,布艺设计,,0,1,1932,3
2460,鞋子设计,,0,1,1932,3
2461,陈列设计,,0,1,1933,3
2462,展览/展示设计,,0,1,1933,3
2463,舞美设计,,0,1,1933,3
2464,舞台艺术指导,,0,1,1933,3
2465,游戏策划,,0,1,1934,3
2466,游戏数值策划,,0,1,1934,3
2467,游戏制作人,,0,1,1934,3
2468,游戏原画师,,0,1,1935,3
2469,游戏界面设计师,,0,1,1935,3
2470,游戏动作,,0,1,1935,3
2471,角色模型师,,0,1,1935,3
2472,特效设计,,0,1,1935,3
2473,U3D,,0,1,1936,3
2474,UE4,,0,1,1936,3
2475,COCOS2DX,,0,1,1936,3
2476,游戏设计开发,,0,1,1936,3
2477,小游戏开发,,0,1,1936,3
2478,游戏测试,,0,1,1936,3
2479,游戏推广,,0,1,1937,3
2480,游戏运营,,0,1,1937,3
2481,电商运营,,0,1,1938,3
2482,电商专员/助理,,0,1,1938,3
2483,电商经理/主管,,0,1,1938,3
2484,淘宝/天猫运营,,0,1,1938,3
2485,跨境电商运营,,0,1,1938,3
2486,品类运营,,0,1,1938,3
2487,选品师,,0,1,1938,3
2488,网店管理员,,0,1,1938,3
2489,电商站长,,0,1,1938,3
2490,新媒体运营,,0,1,1939,3
2491,新媒体编辑,,0,1,1939,3
2492,直播运营,,0,1,1939,3
2493,短视频运营,,0,1,1939,3
2494,微信运营,,0,1,1939,3
2495,微博运营,,0,1,1939,3
2496,自媒体运营,,0,1,1939,3
2497,社交媒体运营,,0,1,1939,3
2498,内容运营,,0,1,1939,3
2499,网络推广,,0,1,1940,3
2500,网络运营专员/助理,,0,1,1940,3
2501,网络运营经理/主管,,0,1,1940,3
2502,网站推广,,0,1,1940,3
2503,网站运营,,0,1,1940,3
2504,网站运营总监,,0,1,1940,3
2505,信息流优化师,,0,1,1940,3
2506,SEO,,0,1,1940,3
2507,SEM,,0,1,1940,3
2508,策略运营,,0,1,1941,3
2509,数据运营,,0,1,1941,3
2510,用户运营,,0,1,1941,3
2511,平台运营,,0,1,1941,3
2512,社区运营,,0,1,1941,3
2513,社群运营,,0,1,1941,3
2514,产品运营,,0,1,1941,3
2515,互联网运营,,0,1,1941,3
2516,运营助理/专员,,0,1,1942,3
2517,活动运营,,0,1,1942,3
2518,商家运营,,0,1,1942,3
2519,会员运营,,0,1,1942,3
2520,销售运营,,0,1,1942,3
2521,楼面管理,,0,1,1942,3
2522,线下拓展运营,,0,1,1942,3
2523,内容审核,,0,1,1942,3
2524,数据标注,,0,1,1942,3
2525,AI训练师,,0,1,1942,3
2526,运营主管,,0,1,1943,3
2527,运营经理,,0,1,1943,3
2528,运营总监,,0,1,1943,3
2529,COO,,0,1,1943,3
2530,城市运营,,0,1,1943,3
2531,督导巡店,,0,1,1943,3
2532,站长,,0,1,1943,3
2533,数据分析师,,0,1,1944,3
2534,销售数据分析,,0,1,1944,3
2535,商业数据分析,,0,1,1944,3
2536,金融数据分析,,0,1,1944,3
2537,临床数据分析,,0,1,1944,3
2538,客服专员,,0,1,1945,3
2539,客服主管,,0,1,1945,3
2540,客服经理,,0,1,1945,3
2541,客服总监,,0,1,1945,3
2542,网络客服,,0,1,1945,3
2543,电话客服,,0,1,1945,3
2544,咨询热线/呼叫中心客服,,0,1,1945,3
2545,客户关系/开发协调,,0,1,1945,3
2546,售后客服,,0,1,1945,3
2547,VIP专员,,0,1,1945,3
2548,客户续期管理,,0,1,1945,3
2549,市场专员,,0,1,1946,3
2550,市场主管,,0,1,1946,3
2551,市场经理,,0,1,1946,3
2552,市场总监,,0,1,1946,3
2553,CMO,,0,1,1946,3
2554,市场推广,,0,1,1946,3
2555,市场营销,,0,1,1946,3
2556,市场运营,,0,1,1946,3
2557,产品市场经理,,0,1,1946,3
2558,市场通路专员,,0,1,1946,3
2559,海外市场,,0,1,1946,3
2560,药品市场推广经理/主管,,0,1,1946,3
2561,药品市场推广专员/助理,,0,1,1946,3
2562,网络推广,,0,1,1946,3
2563,网站推广,,0,1,1946,3
2564,微信推广,,0,1,1946,3
2565,游戏推广,,0,1,1946,3
2566,APP推广,,0,1,1946,3
2567,数字营销专员,,0,1,1946,3
2568,网络营销,,0,1,1946,3
2569,SEO,,0,1,1946,3
2570,SEM,,0,1,1946,3
2571,市场调研,,0,1,1947,3
2572,舆情分析,,0,1,1947,3
2573,情报信息分析,,0,1,1947,3
2574,竞品分析,,0,1,1947,3
2575,用户研究员,,0,1,1947,3
2576,用户研究经理,,0,1,1947,3
2577,用户研究总监,,0,1,1947,3
2578,文案策划,,0,1,1948,3
2579,活动策划,,0,1,1948,3
2580,活动执行,,0,1,1948,3
2581,企划,,0,1,1948,3
2582,宣传策划,,0,1,1948,3
2583,营销策划,,0,1,1948,3
2584,市场策划专员,,0,1,1948,3
2585,市场策划经理,,0,1,1948,3
2586,婚礼策划,,0,1,1948,3
2587,广告文案,,0,1,1949,3
2588,广告设计,,0,1,1949,3
2589,广告创意设计,,0,1,1949,3
2590,广告创意/设计总监,,0,1,1949,3
2591,广告制作,,0,1,1949,3
2592,广告协调,,0,1,1949,3
2593,广告美术指导,,0,1,1949,3
2594,广告审核,,0,1,1949,3
2595,政府关系,,0,1,1950,3
2596,品牌公关,,0,1,1950,3
2597,商务公关,,0,1,1950,3
2598,活动公关,,0,1,1950,3
2599,公关专员,,0,1,1950,3
2600,公关经理/主管,,0,1,1950,3
2601,公关总监,,0,1,1950,3
2602,媒介策划,,0,1,1950,3
2603,媒介投放,,0,1,1950,3
2604,媒介合作,,0,1,1950,3
2605,媒介顾问,,0,1,1950,3
2606,媒介专员,,0,1,1950,3
2607,媒介经理,,0,1,1950,3
2608,媒介总监,,0,1,1950,3
2609,品牌策划,,0,1,1951,3
2610,品牌专员,,0,1,1951,3
2611,品牌主管,,0,1,1951,3
2612,品牌经理,,0,1,1951,3
2613,会务专员,,0,1,1952,3
2614,会务经理,,0,1,1952,3
2615,展厅策划,,0,1,1952,3
2616,会展活动策划,,0,1,1952,3
2617,会议活动执行,,0,1,1952,3
2618,会展活动销售,,0,1,1952,3
2619,会议活动销售,,0,1,1952,3
2620,广告/会展项目经理,,0,1,1952,3
2621,IT项目执行,,0,1,1953,3
2622,IT项目经理,,0,1,1953,3
2623,IT项目总监,,0,1,1953,3
2624,通信项目经理,,0,1,1954,3
2625,硬件项目经理,,0,1,1954,3
2626,电子/电器项目经理,,0,1,1954,3
2627,地产项目经理,,0,1,1954,3
2628,地产项目总监,,0,1,1954,3
2629,装修项目经理,,0,1,1954,3
2630,咨询项目经理,,0,1,1954,3
2631,广告/会展项目经理,,0,1,1954,3
2632,证券/投资项目经理,,0,1,1954,3
2633,物流/仓储项目经理,,0,1,1954,3
2634,生产项目经理/主管,,0,1,1954,3
2635,汽车项目经理,,0,1,1954,3
2636,化工项目经理,,0,1,1954,3
2637,服装/纺织/皮革项目经理,,0,1,1954,3
2638,医药项目经理,,0,1,1954,3
2639,临床项目经理,,0,1,1954,3
2640,项目执行,,0,1,1955,3
2641,项目助理,,0,1,1955,3
2642,项目专员,,0,1,1955,3
2643,项目经理/主管,,0,1,1955,3
2644,项目总监,,0,1,1955,3
2645,CFO,,0,1,1956,3
2646,CIO,,0,1,1956,3
2647,CMO,,0,1,1956,3
2648,COO,,0,1,1956,3
2649,CTO,,0,1,1956,3
2650,副总裁/副总经理/VP,,0,1,1956,3
2651,总裁/总经理/CEO,,0,1,1956,3
2652,总助/CEO助理/董事长助理,,0,1,1956,3
2653,董事会秘书,,0,1,1956,3
2654,投资合伙人,,0,1,1956,3
2655,联合创始人,,0,1,1956,3
2656,事业部管理,,0,1,1956,3
2657,分公司/代表处负责人,,0,1,1956,3
2658,办事处首席代表,,0,1,1956,3
2659,区域负责人（辖多个分公司）,,0,1,1956,3
2660,产品总监/VP,,0,1,1956,3
2661,人力资源VP/CHO,,0,1,1956,3
2662,企业秘书,,0,1,1956,3
2663,高级管理职位,,0,1,1956,3
2664,房地产策划,,0,1,1957,3
2665,地产策划总监,,0,1,1957,3
2666,房地产项目开发报建,,0,1,1957,3
2667,地产项目管理,,0,1,1957,3
2668,地产项目总监,,0,1,1957,3
2669,地产招投标,,0,1,1957,3
2670,地产招投标总监,,0,1,1957,3
2671,项目申报专员,,0,1,1957,3
2672,房产评估师,,0,1,1957,3
2673,房地产资产管理,,0,1,1957,3
2674,房产销售,,0,1,1958,3
2675,房地产销售总监,,0,1,1958,3
2676,物业招商管理,,0,1,1958,3
2677,物业经理,,0,1,1959,3
2678,物业工程经理,,0,1,1959,3
2679,物业管理员,,0,1,1959,3
2680,物业维修,,0,1,1959,3
2681,消防中控员,,0,1,1959,3
2682,绿化工,,0,1,1959,3
2683,建筑设计师,,0,1,1960,3
2684,建筑工程师,,0,1,1960,3
2685,BIM工程师,,0,1,1960,3
2686,建筑模型师,,0,1,1960,3
2687,建筑制图,,0,1,1960,3
2688,施工图设计,,0,1,1960,3
2689,绘图员,,0,1,1960,3
2690,效果图设计,,0,1,1960,3
2691,深化设计,,0,1,1960,3
2692,结构工程师,,0,1,1960,3
2693,结构设计师,,0,1,1960,3
2694,城市规划设计,,0,1,1960,3
2695,道路设计,,0,1,1960,3
2696,给排水设计,,0,1,1960,3
2697,工程设计工程师,,0,1,1960,3
2698,幕墙设计,,0,1,1960,3
2699,园林/景观设计师,,0,1,1960,3
2700,环境艺术设计,,0,1,1960,3
2701,照明设计,,0,1,1960,3
2702,智能化设计,,0,1,1960,3
2703,室内设计,,0,1,1961,3
2704,家装设计,,0,1,1961,3
2705,家具设计,,0,1,1961,3
2706,软装设计,,0,1,1961,3
2707,硬装设计,,0,1,1961,3
2708,空间设计师,,0,1,1961,3
2709,装修工程师,,0,1,1961,3
2710,装修项目经理,,0,1,1961,3
2711,家装顾问,,0,1,1961,3
2712,市政工程,,0,1,1962,3
2713,道路工程师,,0,1,1962,3
2714,桥梁工程师,,0,1,1962,3
2715,隧道工程师,,0,1,1962,3
2716,岩土工程,,0,1,1962,3
2717,爆破工程师,,0,1,1962,3
2718,钢结构工程师,,0,1,1962,3
2719,房修工程师,,0,1,1962,3
2720,土建勘察,,0,1,1962,3
2721,地铁轨道设计,,0,1,1962,3
2722,轨道交通工程师,,0,1,1962,3
2723,水利水电工程师,,0,1,1962,3
2724,水利/港口工程技术,,0,1,1962,3
2725,海洋工程,,0,1,1962,3
2726,民航工程设计,,0,1,1962,3
2727,暖通工程师,,0,1,1963,3
2728,给排水工程师,,0,1,1963,3
2729,空调工程师,,0,1,1963,3
2730,安装工程师,,0,1,1963,3
2731,水电安装工程师,,0,1,1963,3
2732,配电设计,,0,1,1963,3
2733,弱电工程师,,0,1,1963,3
2734,建筑机电工程师,,0,1,1963,3
2735,电力工程师,,0,1,1963,3
2736,电力电子研发工程师,,0,1,1963,3
2737,电力系统研发工程师,,0,1,1963,3
2738,控制保护研发工程师,,0,1,1963,3
2739,智能大厦/布线,,0,1,1963,3
2740,消防工程师,,0,1,1963,3
2741,安防,,0,1,1963,3
2742,房地产项目工程师,,0,1,1963,3
2743,架线和管道工程技术,,0,1,1963,3
2744,光源/照明工程师,,0,1,1963,3
2745,工程监理,,0,1,1964,3
2746,工程经理,,0,1,1964,3
2747,工程总监,,0,1,1964,3
2748,建筑施工现场管理,,0,1,1964,3
2749,土木/土建工程师,,0,1,1964,3
2750,高级建筑工程师/建筑总工,,0,1,1964,3
2751,资料员,,0,1,1964,3
2752,工程资料管理,,0,1,1964,3
2753,测量员,,0,1,1964,3
2754,测绘员,,0,1,1964,3
2755,业内技术员,,0,1,1964,3
2756,工程造价,,0,1,1964,3
2757,工程预算,,0,1,1964,3
2758,报价工程师,,0,1,1964,3
2759,成本经理/主管,,0,1,1964,3
2760,施工安全员,,0,1,1965,3
2761,安全管理,,0,1,1965,3
2762,安全主管,,0,1,1965,3
2763,建筑工程安全管理,,0,1,1965,3
2764,工程质量管理,,0,1,1965,3
2765,化验员/质检员,,0,1,1965,3
2766,施工员,,0,1,1966,3
2767,施工队长,,0,1,1966,3
2768,电梯工,,0,1,1966,3
2769,空调工,,0,1,1966,3
2770,土建工,,0,1,1966,3
2771,钢筋工,,0,1,1966,3
2772,材料员,,0,1,1966,3
2773,瓦工,,0,1,1966,3
2774,水工,,0,1,1966,3
2775,木工,,0,1,1966,3
2776,保险顾问,,0,1,1967,3
2777,保险理赔,,0,1,1967,3
2778,车险专员,,0,1,1967,3
2779,汽车定损理赔,,0,1,1967,3
2780,车险勘查,,0,1,1967,3
2781,保险培训师,,0,1,1967,3
2782,续保专员,,0,1,1967,3
2783,保险项目策划,,0,1,1967,3
2784,保险契约管理,,0,1,1967,3
2785,保险受理员,,0,1,1967,3
2786,保险公估师,,0,1,1967,3
2787,保险产品开发,,0,1,1967,3
2788,保险精算师,,0,1,1967,3
2789,保险核安,,0,1,1967,3
2790,柜员,,0,1,1968,3
2791,客户经理,,0,1,1968,3
2792,理财顾问,,0,1,1968,3
2793,信用卡销售,,0,1,1968,3
2794,大堂经理,,0,1,1968,3
2795,行长/副行长,,0,1,1968,3
2796,金融产品经理,,0,1,1968,3
2797,金融风控,,0,1,1968,3
2798,信贷审核,,0,1,1968,3
2799,信贷管理,,0,1,1968,3
2800,催收员,,0,1,1968,3
2801,清算,,0,1,1968,3
2802,保理人,,0,1,1968,3
2803,投融资,,0,1,1969,3
2804,投资助理,,0,1,1969,3
2805,投资经理,,0,1,1969,3
2806,投资总监,,0,1,1969,3
2807,投资VP,,0,1,1969,3
2808,投资合伙人,,0,1,1969,3
2809,投资银行业务,,0,1,1969,3
2810,投资者关系,,0,1,1969,3
2811,股权投资,,0,1,1969,3
2812,投后管理,,0,1,1969,3
2813,并购,,0,1,1969,3
2814,融资,,0,1,1969,3
2815,融资总监,,0,1,1969,3
2816,资产评估,,0,1,1969,3
2817,资产管理,,0,1,1969,3
2818,行业研究,,0,1,1969,3
2819,金融研究,,0,1,1969,3
2820,金融数据分析,,0,1,1969,3
2821,投行财务分析,,0,1,1969,3
2822,量化研究,,0,1,1969,3
2823,交易员,,0,1,1969,3
2824,股票/期货操盘手,,0,1,1969,3
2825,证券分析,,0,1,1970,3
2826,证券经纪人,,0,1,1970,3
2827,证券交易员,,0,1,1970,3
2828,证券事务代表,,0,1,1970,3
2829,证券/投资项目经理,,0,1,1970,3
2830,基金销售,,0,1,1970,3
2831,基金经理,,0,1,1970,3
2832,期货经纪人,,0,1,1970,3
2833,外汇分析师,,0,1,1970,3
2834,外汇经纪人,,0,1,1970,3
2835,信息披露专员,,0,1,1970,3
2836,信托业务,,0,1,1971,3
2837,担保业务,,0,1,1971,3
2838,典当业务,,0,1,1971,3
2839,拍卖师,,0,1,1971,3
2840,珠宝/收藏品鉴定,,0,1,1971,3
2841,采购专员/助理,,0,1,1972,3
2842,采购经理/主管,,0,1,1972,3
2843,采购总监,,0,1,1972,3
2844,商务采购,,0,1,1972,3
2845,采购工程师,,0,1,1972,3
2846,买手,,0,1,1972,3
2847,供应商/采购质量管理,,0,1,1972,3
2848,供应商开发,,0,1,1972,3
2849,物料专员,,0,1,1972,3
2850,物料经理,,0,1,1972,3
2851,外贸业务员,,0,1,1973,3
2852,外贸经理,,0,1,1973,3
2853,贸易跟单,,0,1,1973,3
2854,单证员,,0,1,1973,3
2855,关务专员,,0,1,1973,3
2856,关务管理,,0,1,1973,3
2857,报告/报检员,,0,1,1973,3
2858,地产招投标,,0,1,1974,3
2859,地产招投标总监,,0,1,1974,3
2860,医药项目招投标,,0,1,1974,3
2861,工程招投标,,0,1,1974,3
2862,项目招投标,,0,1,1974,3
2863,物流专员,,0,1,1975,3
2864,物流经理,,0,1,1975,3
2865,物流总监,,0,1,1975,3
2866,物流跟单,,0,1,1975,3
2867,物流运营,,0,1,1975,3
2868,物流规划,,0,1,1975,3
2869,物流监督,,0,1,1975,3
2870,调度员,,0,1,1975,3
2871,运输经理/主管,,0,1,1975,3
2872,物流/仓储项目经理,,0,1,1975,3
2873,货运代理专员,,0,1,1975,3
2874,货运代理经理,,0,1,1975,3
2875,水/空/陆运操作,,0,1,1975,3
2876,集装箱管理,,0,1,1975,3
2877,供应链专员,,0,1,1976,3
2878,供应链经理,,0,1,1976,3
2879,供应链总监,,0,1,1976,3
2880,仓库管理员,,0,1,1977,3
2881,仓库文员,,0,1,1977,3
2882,仓库经理,,0,1,1977,3
2883,仓库物料管理,,0,1,1977,3
2884,快递员,,0,1,1978,3
2885,送餐员,,0,1,1978,3
2886,理货员,,0,1,1978,3
2887,搬运工,,0,1,1978,3
2888,配/理/拣/发货,,0,1,1978,3
2889,配送员,,0,1,1978,3
2890,货运司机,,0,1,1979,3
2891,商务司机,,0,1,1979,3
2892,网约车司机,,0,1,1979,3
2893,出租车驾驶员,,0,1,1979,3
2894,代驾司机,,0,1,1979,3
2895,大巴司机,,0,1,1979,3
2896,通勤司机,,0,1,1979,3
2897,校车司机,,0,1,1979,3
2898,卡车司机,,0,1,1979,3
2899,吊车司机,,0,1,1979,3
2900,危化品司机,,0,1,1979,3
2901,油罐车司机,,0,1,1979,3
2902,机动车司机/驾驶,,0,1,1979,3
2903,船员/水手,,0,1,1979,3
2904,船舶驾驶/操作,,0,1,1979,3
2905,飞机驾驶/操作,,0,1,1979,3
2906,列车驾驶/操作,,0,1,1979,3
2907,地铁安检,,0,1,1980,3
2908,地铁站务员,,0,1,1980,3
2909,公交/地铁乘务,,0,1,1980,3
2910,机场地勤人员,,0,1,1980,3
2911,航空乘务,,0,1,1980,3
2912,邮轮乘务,,0,1,1980,3
2913,船舶乘务,,0,1,1980,3
2914,车身/造型设计,,0,1,1981,3
2915,内外饰设计工程师,,0,1,1981,3
2916,动力系统设计,,0,1,1981,3
2917,动力系统工程师,,0,1,1981,3
2918,线束设计,,0,1,1981,3
2919,地盘工程师,,0,1,1981,3
2920,汽车零部件设计,,0,1,1981,3
2921,汽车电子工程师,,0,1,1981,3
2922,汽车结构工程师,,0,1,1981,3
2923,汽车质量工程师,,0,1,1981,3
2924,汽车装配工程师,,0,1,1981,3
2925,汽车机械工程师,,0,1,1981,3
2926,总装工程师,,0,1,1981,3
2927,汽车/摩托工程师,,0,1,1981,3
2928,汽车项目经理,,0,1,1981,3
2929,充电桩设计,,0,1,1981,3
2930,汽车维修,,0,1,1982,3
2931,汽车保养,,0,1,1982,3
2932,汽车美容,,0,1,1982,3
2933,汽车喷漆,,0,1,1982,3
2934,汽车贴膜,,0,1,1982,3
2935,汽车装潢,,0,1,1982,3
2936,汽车改装,,0,1,1982,3
2937,汽车电工,,0,1,1982,3
2938,抛光工,,0,1,1982,3
2939,洗车工,,0,1,1982,3
2940,汽车轮胎服务,,0,1,1982,3
2941,汽车售后服务,,0,1,1982,3
2942,汽车定损理赔,,0,1,1982,3
2943,车险勘察,,0,1,1982,3
2944,二手车评估师,,0,1,1982,3
2945,加油站工作员,,0,1,1982,3
2946,汽车销售,,0,1,1983,3
2947,汽车金融销售,,0,1,1983,3
2948,汽车配件销售,,0,1,1983,3
2949,二手车经纪人,,0,1,1983,3
2950,"4S店店长",,0,1,1983,3
2951,机械设计,,0,1,1984,3
2952,机械工程师,,0,1,1984,3
2953,机械结构工程师,,0,1,1984,3
2954,机械研发工程师,,0,1,1984,3
2955,机械工艺工程师,,0,1,1984,3
2956,机械制图,,0,1,1984,3
2957,模具设计,,0,1,1984,3
2958,模具工程师,,0,1,1984,3
2959,零部件设计,,0,1,1984,3
2960,工艺/制程工程师,,0,1,1984,3
2961,装配工程师,,0,1,1984,3
2962,焊接工程师,,0,1,1984,3
2963,注塑工程师,,0,1,1984,3
2964,夹具工程师,,0,1,1984,3
2965,铸造/锻造工程师,,0,1,1984,3
2966,冲压工程师,,0,1,1984,3
2967,涂装工程师,,0,1,1984,3
2968,工装工程师,,0,1,1984,3
2969,喷涂技术员,,0,1,1984,3
2970,精益工程师,,0,1,1984,3
2971,制造工程师,,0,1,1984,3
2972,CNC/数控编程,,0,1,1984,3
2973,工业工程师,,0,1,1984,3
2974,工业设计,,0,1,1984,3
2975,机械设备工程师,,0,1,1985,3
2976,机械维修/保养,,0,1,1985,3
2977,机电工程师,,0,1,1985,3
2978,电机工程师,,0,1,1985,3
2979,发动机工程师,,0,1,1985,3
2980,材料工程师,,0,1,1985,3
2981,高分子材料工程师,,0,1,1985,3
2982,材料工艺工程师,,0,1,1985,3
2983,工业机器人工程师,,0,1,1985,3
2984,机器人调试工程师,,0,1,1985,3
2985,试验工程师,,0,1,1985,3
2986,液压工程师,,0,1,1985,3
2987,气动工程师,,0,1,1985,3
2988,安全性能工程师,,0,1,1985,3
2989,热能工程师,,0,1,1985,3
2990,热设计工程师,,0,1,1985,3
2991,锅炉工程师/技师,,0,1,1985,3
2992,电机工程师,,0,1,1986,3
2993,电池工程师,,0,1,1986,3
2994,线束设计,,0,1,1986,3
2995,充电桩设计,,0,1,1986,3
2996,化工研发,,0,1,1987,3
2997,化学分析,,0,1,1987,3
2998,化学操作,,0,1,1987,3
2999,化学技术应用,,0,1,1987,3
3000,化学制剂研发,,0,1,1987,3
3001,化工项目经理,,0,1,1987,3
3002,化学/化工技术总监,,0,1,1987,3
3003,化学合成,,0,1,1987,3
3004,化验/检验,,0,1,1987,3
3005,食品/饮料研发,,0,1,1987,3
3006,食品/饮料检验,,0,1,1987,3
3007,化妆品研发,,0,1,1987,3
3008,油漆/化工涂料研发,,0,1,1987,3
3009,涂料研发,,0,1,1987,3
3010,塑料工程师,,0,1,1987,3
3011,橡胶工程师,,0,1,1987,3
3012,造纸研发,,0,1,1987,3
3013,服装/纺织设计,,0,1,1988,3
3014,服装/纺织设计总监,,0,1,1988,3
3015,鞋子设计,,0,1,1988,3
3016,布艺设计,,0,1,1988,3
3017,服装/纺织/皮革工艺师,,0,1,1988,3
3018,服装/纺织/皮革跟单,,0,1,1988,3
3019,服装/纺织/皮革质量管理,,0,1,1988,3
3020,服装/纺织/皮革项目经理,,0,1,1988,3
3021,面料辅料采购,,0,1,1988,3
3022,面料辅料开发,,0,1,1988,3
3023,电脑放码员,,0,1,1988,3
3024,缝纫工,,0,1,1988,3
3025,打样/制版,,0,1,1988,3
3026,样衣工,,0,1,1988,3
3027,挡车工,,0,1,1988,3
3028,印染工,,0,1,1988,3
3029,整经工,,0,1,1988,3
3030,漂染工,,0,1,1988,3
3031,细沙工,,0,1,1988,3
3032,浆纱工,,0,1,1988,3
3033,印刷操作,,0,1,1989,3
3034,印刷排版,,0,1,1989,3
3035,印刷机械机长,,0,1,1989,3
3036,电分操作员,,0,1,1989,3
3037,数码直印/菲林输出,,0,1,1989,3
3038,切纸机操作工,,0,1,1989,3
3039,调墨技师,,0,1,1989,3
3040,晒版员,,0,1,1989,3
3041,打稿机操作员,,0,1,1989,3
3042,包装工,,0,1,1989,3
3043,装订工,,0,1,1989,3
3044,压痕工,,0,1,1989,3
3045,烫金工,,0,1,1989,3
3046,复卷工,,0,1,1989,3
3047,包装工程师,,0,1,1989,3
3048,飞机维修/保养,,0,1,1990,3
3049,飞机设计制造,,0,1,1990,3
3050,船舶维修/保养,,0,1,1990,3
3051,船舶设计制造,,0,1,1990,3
3052,列车维修/保养,,0,1,1990,3
3053,列车设计制造,,0,1,1990,3
3054,生产文员,,0,1,1991,3
3055,生产跟单,,0,1,1991,3
3056,生产计划管理,,0,1,1991,3
3057,生产设备管理,,0,1,1991,3
3058,生产运营管理,,0,1,1991,3
3059,生产物料管理,,0,1,1991,3
3060,生产产品管理,,0,1,1991,3
3061,生产组长/拉长,,0,1,1991,3
3062,生产主管/督导,,0,1,1991,3
3063,生产经理,,0,1,1991,3
3064,生产项目经理,,0,1,1991,3
3065,车间主任,,0,1,1991,3
3066,生产总监,,0,1,1991,3
3067,厂长,,0,1,1991,3
3068,生产安全员,,0,1,1991,3
3069,生产技术员,,0,1,1991,3
3070,生产工程师,,0,1,1991,3
3071,生产项目工程师,,0,1,1991,3
3072,总工程师/副总工程师,,0,1,1991,3
3073,生产营运主管,,0,1,1991,3
3074,生产营运经理,,0,1,1991,3
3075,机械设备经理,,0,1,1991,3
3076,工程机械主管,,0,1,1991,3
3077,工程机械经理,,0,1,1991,3
3078,质检员,,0,1,1992,3
3079,QC质检,,0,1,1992,3
3080,QA专员,,0,1,1992,3
3081,QA工程师,,0,1,1992,3
3082,品控/品质主管,,0,1,1992,3
3083,质量管理/测试,,0,1,1992,3
3084,化验工程师,,0,1,1992,3
3085,检测,,0,1,1992,3
3086,无损检测工程师,,0,1,1992,3
3087,计量工程师,,0,1,1992,3
3088,采样技术员,,0,1,1992,3
3089,质量体系工程师,,0,1,1992,3
3090,认证工程师,,0,1,1992,3
3091,认证审核员,,0,1,1992,3
3092,可靠度工程师,,0,1,1992,3
3093,故障分析师,,0,1,1992,3
3094,技术文档工程师,,0,1,1992,3
3095,普工/操作工,,0,1,1993,3
3096,技工,,0,1,1993,3
3097,电工,,0,1,1993,3
3098,钳工,,0,1,1993,3
3099,焊工,,0,1,1993,3
3100,氩弧焊工,,0,1,1993,3
3101,叉车工,,0,1,1993,3
3102,铲车司机,,0,1,1993,3
3103,组装工,,0,1,1993,3
3104,车工,,0,1,1993,3
3105,模具工,,0,1,1993,3
3106,机电技师,,0,1,1993,3
3107,CNC/数控操作,,0,1,1993,3
3108,油漆工,,0,1,1993,3
3109,仪表工,,0,1,1993,3
3110,注塑工,,0,1,1993,3
3111,锅炉工,,0,1,1993,3
3112,磨工,,0,1,1993,3
3113,万能工,,0,1,1993,3
3114,铣工,,0,1,1993,3
3115,电力线路工,,0,1,1993,3
3116,折弯工,,0,1,1993,3
3117,钣金工,,0,1,1993,3
3118,柳工,,0,1,1993,3
3119,挖掘机司机,,0,1,1993,3
3120,钻工,,0,1,1993,3
3121,调色员,,0,1,1993,3
3122,切割工,,0,1,1993,3
3123,抛光工,,0,1,1993,3
3124,裁床,,0,1,1993,3
3125,配色,,0,1,1993,3
3126,电镀工,,0,1,1993,3
3127,喷塑工,,0,1,1993,3
3128,浮法操作工程师,,0,1,1993,3
3129,裱胶工,,0,1,1993,3
3130,施压工,,0,1,1993,3
3131,能源/矿产项目,,0,1,1994,3
3132,选矿/采矿,,0,1,1994,3
3133,冶金工程师,,0,1,1994,3
3134,节能/能源工程师,,0,1,1994,3
3135,石油工程师,,0,1,1994,3
3136,天然气技术人员,,0,1,1994,3
3137,核力/火力工程师,,0,1,1994,3
3138,风电工程师,,0,1,1994,3
3139,地质工程师,,0,1,1994,3
3140,勘探工程师,,0,1,1994,3
3141,考古技术员,,0,1,1994,3
3142,环境/健康/安全工程师（EHS）,,0,1,1995,3
3143,环境/健康/安全经理（EHS）,,0,1,1995,3
3144,环保工程师,,0,1,1995,3
3145,环保技术工程师,,0,1,1995,3
3146,环评技术员,,0,1,1995,3
3147,环境评价工程师,,0,1,1995,3
3148,水处理工程师,,0,1,1995,3
3149,废弃处理工程师,,0,1,1995,3
3150,固废处理工程师,,0,1,1995,3
3151,环境监测工程师,,0,1,1995,3
3152,生态治理/规划,,0,1,1995,3
3153,环境管理/园林景区保护,,0,1,1995,3
3154,农艺师,,0,1,1996,3
3155,园艺师,,0,1,1996,3
3156,花艺师,,0,1,1996,3
3157,作物育种,,0,1,1996,3
3158,林业技术人员,,0,1,1996,3
3159,畜牧师,,0,1,1997,3
3160,动物育种/繁殖,,0,1,1997,3
3161,动物营养/饲料研发,,0,1,1997,3
3162,兽医,,0,1,1997,3
3163,场长（农/林/牧/渔）,,0,1,1997,3
3164,试剂研发,,0,1,1998,3
3165,制药研发,,0,1,1998,3
3166,药品研发,,0,1,1998,3
3167,中药研发,,0,1,1998,3
3168,药物合成,,0,1,1998,3
3169,药理研究,,0,1,1998,3
3170,计算机辅助药物设计,,0,1,1998,3
3171,医药技术研发,,0,1,1998,3
3172,医药研发管理,,0,1,1998,3
3173,医药化学分析,,0,1,1998,3
3174,药物质量研究,,0,1,1998,3
3175,药品生产/质量管理,,0,1,1998,3
3176,制药工程师,,0,1,1998,3
3177,细胞培养技术,,0,1,1998,3
3178,动物实验技术员,,0,1,1998,3
3179,生物信息工程师,,0,1,1998,3
3180,生物工程/生物制药,,0,1,1998,3
3181,生物技术员,,0,1,1998,3
3182,医学检验,,0,1,1998,3
3183,医药产品经理,,0,1,1998,3
3184,医药项目经理,,0,1,1998,3
3185,临床协调,,0,1,1999,3
3186,临床研究,,0,1,1999,3
3187,临床检查员,,0,1,1999,3
3188,临床数据分析,,0,1,1999,3
3189,临床项目经理,,0,1,1999,3
3190,药品注册,,0,1,1999,3
3191,药物警戒,,0,1,1999,3
3192,医学总监,,0,1,1999,3
3193,医学经理,,0,1,1999,3
3194,医药代表,,0,1,2000,3
3195,药品市场推广专员/助理,,0,1,2000,3
3196,药品市场推广经理/主管,,0,1,2000,3
3197,医药招商,,0,1,2000,3
3198,医药项目招投标,,0,1,2000,3
3199,学术推广,,0,1,2000,3
3200,医药信息沟通专员,,0,1,2000,3
3201,医学信息专员,,0,1,2000,3
3202,医学联系员（MSL）,,0,1,2000,3
3203,医学编辑,,0,1,2000,3
3204,医疗器械销售,,0,1,2001,3
3205,医疗器械研发,,0,1,2001,3
3206,医疗器械生产/质量管理,,0,1,2001,3
3207,医疗器械售后工程师,,0,1,2001,3
3208,医疗器械维修/保养,,0,1,2001,3
3209,医疗器械注册,,0,1,2001,3
3210,内科医生,,0,1,2002,3
3211,外科医生,,0,1,2002,3
3212,皮肤科医生,,0,1,2002,3
3213,妇产科医生,,0,1,2002,3
3214,儿科医生,,0,1,2002,3
3215,幼儿园保健医,,0,1,2002,3
3216,口腔科医生,,0,1,2002,3
3217,眼科医生,,0,1,2002,3
3218,验光师,,0,1,2002,3
3219,中医,,0,1,2002,3
3220,医学影像医师,,0,1,2002,3
3221,放射科医师,,0,1,2002,3
3222,B超医生,,0,1,2002,3
3223,心电图医生,,0,1,2002,3
3224,核磁共振医生,,0,1,2002,3
3225,检验科医生,,0,1,2002,3
3226,ICU医生,,0,1,2002,3
3227,全科医生,,0,1,2002,3
3228,专科医生,,0,1,2002,3
3229,急诊医生,,0,1,2002,3
3230,临床医生,,0,1,2002,3
3231,病理医师,,0,1,2002,3
3232,辅诊医生,,0,1,2002,3
3233,接诊医生,,0,1,2002,3
3234,中药师,,0,1,2002,3
3235,药剂师,,0,1,2002,3
3236,护士,,0,1,2003,3
3237,护士长,,0,1,2003,3
3238,护工,,0,1,2003,3
3239,导医,,0,1,2003,3
3240,核酸检测员,,0,1,2003,3
3241,患教,,0,1,2003,3
3242,医疗管理,,0,1,2004,3
3243,医务管理,,0,1,2004,3
3244,医务干事,,0,1,2004,3
3245,医院院长/副院长,,0,1,2004,3
3246,药店店员,,0,1,2005,3
3247,药店店长,,0,1,2005,3
3248,执业药师/驻店药师,,0,1,2005,3
3249,健康顾问,,0,1,2006,3
3250,康复治疗师,,0,1,2006,3
3251,理疗师,,0,1,2006,3
3252,针灸推拿,,0,1,2006,3
3253,营养师,,0,1,2006,3
3254,产后康复师,,0,1,2006,3
3255,整形师,,0,1,2006,3
3256,医美咨询,,0,1,2006,3
3257,幼教,,0,1,2007,3
3258,儿童教育老师,,0,1,2007,3
3259,保育员,,0,1,2007,3
3260,亲子老师,,0,1,2007,3
3261,绘本老师,,0,1,2007,3
3262,园长/副园长,,0,1,2007,3
3263,英语教师,,0,1,2008,3
3264,数学教师,,0,1,2008,3
3265,语文教师,,0,1,2008,3
3266,物理教师,,0,1,2008,3
3267,化学教师,,0,1,2008,3
3268,生物教师,,0,1,2008,3
3269,美术教师,,0,1,2008,3
3270,音乐教师,,0,1,2008,3
3271,体育教师,,0,1,2008,3
3272,文科教师,,0,1,2008,3
3273,理科教师,,0,1,2008,3
3274,小学教师,,0,1,2008,3
3275,初中教师,,0,1,2008,3
3276,高中教师,,0,1,2008,3
3277,兼职教师,,0,1,2008,3
3278,家教,,0,1,2008,3
3279,托管老师,,0,1,2008,3
3280,大学教师,,0,1,2009,3
3281,大学教授,,0,1,2009,3
3282,考研培训讲师,,0,1,2009,3
3283,考研英语教师,,0,1,2009,3
3284,专升本讲师,,0,1,2009,3
3285,舞蹈老师,,0,1,2010,3
3286,乐器教师,,0,1,2010,3
3287,钢琴教师,,0,1,2010,3
3288,吉他教师,,0,1,2010,3
3289,古筝教师,,0,1,2010,3
3290,书法教师,,0,1,2010,3
3291,围棋教师,,0,1,2010,3
3292,表演教师,,0,1,2010,3
3293,游泳教师,,0,1,2010,3
3294,乐高教师,,0,1,2010,3
3295,机器人教师,,0,1,2010,3
3296,驾校教练,,0,1,2010,3
3297,球类运动教练,,0,1,2010,3
3298,篮球/羽毛球教练,,0,1,2010,3
3299,高尔夫教练,,0,1,2010,3
3300,瑜伽教练,,0,1,2010,3
3301,跆拳道教练,,0,1,2010,3
3302,武术教练,,0,1,2010,3
3303,轮滑教练,,0,1,2010,3
3304,拓展培训,,0,1,2010,3
3305,少儿英语教师,,0,1,2011,3
3306,日语教师,,0,1,2011,3
3307,汉语教师,,0,1,2011,3
3308,中文教师,,0,1,2011,3
3309,韩语教师,,0,1,2011,3
3310,德语教师,,0,1,2011,3
3311,外语教师,,0,1,2011,3
3312,外籍教师,,0,1,2011,3
3313,留学顾问,,0,1,2012,3
3314,雅思英语教师,,0,1,2012,3
3315,托福教师,,0,1,2012,3
3316,SAT教师,,0,1,2012,3
3317,出国留学考试培训讲师,,0,1,2012,3
3318,JAVA培训讲师,,0,1,2013,3
3319,C++培训讲师,,0,1,2013,3
3320,.NET培训讲师,,0,1,2013,3
3321,PHP培训讲师,,0,1,2013,3
3322,大数据讲师,,0,1,2013,3
3323,人工智能讲师,,0,1,2013,3
3324,机器学习讲师,,0,1,2013,3
3325,云计算讲师,,0,1,2013,3
3326,web前端培训讲师,,0,1,2013,3
3327,Unity3D培训讲师,,0,1,2013,3
3328,Android培训讲师,,0,1,2013,3
3329,iOS培训讲师,,0,1,2013,3
3330,编程教师,,0,1,2013,3
3331,IT培训,,0,1,2013,3
3332,UI设计培训讲师,,0,1,2013,3
3333,软件测试培训讲师,,0,1,2013,3
3334,保险培训师,,0,1,2014,3
3335,财会培训讲师,,0,1,2014,3
3336,HR培训讲师,,0,1,2014,3
3337,法律培训讲师,,0,1,2014,3
3338,播音主持教师,,0,1,2014,3
3339,动漫培训讲师,,0,1,2014,3
3340,美容导师,,0,1,2014,3
3341,美发培训师,,0,1,2014,3
3342,职业技术教师,,0,1,2014,3
3343,培训师,,0,1,2014,3
3344,课程顾问,,0,1,2015,3
3345,班主任/辅导员,,0,1,2015,3
3346,学习管理师,,0,1,2015,3
3347,校长/副校长,,0,1,2015,3
3348,校区主任,,0,1,2015,3
3349,助教,,0,1,2015,3
3350,教务管理,,0,1,2015,3
3351,教育产品研发,,0,1,2015,3
3352,课程设计,,0,1,2015,3
3353,课程编辑,,0,1,2015,3
3354,培训督导,,0,1,2015,3
3355,培训策划,,0,1,2015,3
3356,就业老师,,0,1,2015,3
3357,特教教师,,0,1,2016,3
3358,康复训练教师,,0,1,2016,3
3359,感统教师,,0,1,2016,3
3360,实验室技术员,,0,1,2017,3
3361,实验室负责人,,0,1,2017,3
3362,科研人员,,0,1,2017,3
3363,研究助理,,0,1,2017,3
3364,科研管理人员,,0,1,2017,3
3365,安全研究,,0,1,2017,3
3366,剪辑师,,0,1,2018,3
3367,视频编辑,,0,1,2018,3
3368,音频编辑,,0,1,2018,3
3369,摄影/摄像,,0,1,2018,3
3370,编导,,0,1,2018,3
3371,导演,,0,1,2018,3
3372,编剧,,0,1,2018,3
3373,制片人,,0,1,2018,3
3374,美术指导,,0,1,2018,3
3375,录音/音效,,0,1,2018,3
3376,影视制作,,0,1,2018,3
3377,影视策划,,0,1,2018,3
3378,影视发行,,0,1,2018,3
3379,编辑,,0,1,2019,3
3380,美编,,0,1,2019,3
3381,文案编辑,,0,1,2019,3
3382,主编/副主编,,0,1,2019,3
3383,总编/副总编,,0,1,2019,3
3384,采编,,0,1,2019,3
3385,记者,,0,1,2019,3
3386,撰稿人,,0,1,2019,3
3387,校对录入,,0,1,2019,3
3388,排版设计,,0,1,2019,3
3389,印刷排版,,0,1,2019,3
3390,出版发行,,0,1,2019,3
3391,发行管理,,0,1,2019,3
3392,主播,,0,1,2020,3
3393,带货主播,,0,1,2020,3
3394,主播助理,,0,1,2020,3
3395,演员/模特,,0,1,2020,3
3396,服装/试衣模特,,0,1,2020,3
3397,水族馆表演员,,0,1,2020,3
3398,经纪人,,0,1,2020,3
3399,主持人,,0,1,2020,3
3400,配音,,0,1,2020,3
3401,DJ,,0,1,2020,3
3402,广告文案,,0,1,2021,3
3403,广告设计,,0,1,2021,3
3404,广告创意设计,,0,1,2021,3
3405,广告创意/设计总监,,0,1,2021,3
3406,创意总监,,0,1,2021,3
3407,广告制作,,0,1,2021,3
3408,广告协调,,0,1,2021,3
3409,广告美术指导,,0,1,2021,3
3410,广告审核,,0,1,2021,3
3411,政府关系,,0,1,2022,3
3412,品牌公关,,0,1,2022,3
3413,商务公关,,0,1,2022,3
3414,活动公关,,0,1,2022,3
3415,公关专员,,0,1,2022,3
3416,公关经理/主管,,0,1,2022,3
3417,公关总监,,0,1,2022,3
3418,媒介策划,,0,1,2022,3
3419,媒介投放,,0,1,2022,3
3420,媒介合作,,0,1,2022,3
3421,媒介顾问,,0,1,2022,3
3422,媒介专员,,0,1,2022,3
3423,媒介经理,,0,1,2022,3
3424,媒介总监,,0,1,2022,3
3425,化妆师,,0,1,2023,3
3426,灯光师,,0,1,2023,3
3427,造型师,,0,1,2023,3
3428,舞美设计,,0,1,2023,3
3429,舞台艺术指导,,0,1,2023,3
3430,服装道具,,0,1,2023,3
3431,放映员,,0,1,2024,3
3432,剧务,,0,1,2024,3
3433,摄影助理,,0,1,2024,3
3434,化妆助理,,0,1,2024,3
3435,导演助理,,0,1,2024,3
3436,艺人助理,,0,1,2024,3
3437,群演/跟组演员,,0,1,2024,3
3438,咨询顾问,,0,1,2025,3
3439,咨询经理,,0,1,2025,3
3440,咨询总监,,0,1,2025,3
3441,咨询项目经理,,0,1,2025,3
3442,猎头顾问,,0,1,2025,3
3443,人力资源咨询顾问,,0,1,2025,3
3444,企业管理咨询,,0,1,2025,3
3445,战略咨询,,0,1,2025,3
3446,财务咨询顾问,,0,1,2025,3
3447,IT咨询顾问,,0,1,2025,3
3448,专利代理,,0,1,2025,3
3449,知识产权代理,,0,1,2025,3
3450,政策研究,,0,1,2025,3
3451,心理咨询师,,0,1,2025,3
3452,婚恋咨询师,,0,1,2025,3
3453,英语翻译,,0,1,2026,3
3454,日语翻译,,0,1,2026,3
3455,韩语/朝鲜语翻译,,0,1,2026,3
3456,俄语翻译,,0,1,2026,3
3457,法语翻译,,0,1,2026,3
3458,西班牙语翻译,,0,1,2026,3
3459,德语翻译,,0,1,2026,3
3460,阿拉伯语翻译,,0,1,2026,3
3461,葡萄牙语翻译,,0,1,2026,3
3462,意大利语翻译,,0,1,2026,3
3463,小语种翻译,,0,1,2026,3
3464,高级翻译,,0,1,2026,3
3465,驻外翻译,,0,1,2026,3
3466,律师助理,,0,1,2027,3
3467,事务所律师,,0,1,2027,3
3468,诉讼律师,,0,1,2027,3
3469,民事律师,,0,1,2027,3
3470,知识产权律师,,0,1,2027,3
3471,专利律师,,0,1,2027,3
3472,法律顾问,,0,1,2027,3
3473,企业律师/合规顾问,,0,1,2027,3
3474,权证/过户,,0,1,2028,3
3475,司法鉴定,,0,1,2028,3
3476,法医,,0,1,2028,3
3477,餐饮店长,,0,1,2029,3
3478,餐饮大堂经理,,0,1,2029,3
3479,领班,,0,1,2029,3
3480,服务员,,0,1,2029,3
3481,收银,,0,1,2029,3
3482,礼仪/迎宾/接待,,0,1,2029,3
3483,厨师,,0,1,2029,3
3484,厨师长,,0,1,2029,3
3485,行政总厨,,0,1,2029,3
3486,中餐厨师,,0,1,2029,3
3487,西餐厨师,,0,1,2029,3
3488,日料厨师,,0,1,2029,3
3489,烧烤师傅,,0,1,2029,3
3490,配菜打荷,,0,1,2029,3
3491,洗碗工,,0,1,2029,3
3492,传菜员,,0,1,2029,3
3493,食品加工/处理,,0,1,2029,3
3494,生鲜食品加工/处理,,0,1,2029,3
3495,厨工/帮厨,,0,1,2029,3
3496,中餐厨工,,0,1,2029,3
3497,西餐厨工,,0,1,2029,3
3498,日餐厨工,,0,1,2029,3
3499,烘焙厨工,,0,1,2029,3
3500,烘焙师,,0,1,2029,3
3501,蛋糕师,,0,1,2029,3
3502,甜品师,,0,1,2029,3
3503,裱花师,,0,1,2029,3
3504,面点师,,0,1,2029,3
3505,西点师,,0,1,2029,3
3506,调酒师,,0,1,2029,3
3507,品酒师,,0,1,2029,3
3508,咖啡师,,0,1,2029,3
3509,茶艺师,,0,1,2029,3
3510,调饮师,,0,1,2029,3
3511,送餐员,,0,1,2029,3
3512,门店店长,,0,1,2030,3
3513,店员/营业员,,0,1,2030,3
3514,促销员,,0,1,2030,3
3515,陈列员,,0,1,2030,3
3516,理货员,,0,1,2030,3
3517,防损员,,0,1,2030,3
3518,售票员,,0,1,2030,3
3519,收银,,0,1,2030,3
3520,督导巡店,,0,1,2030,3
3521,卖场经理,,0,1,2030,3
3522,服装销售,,0,1,2030,3
3523,珠宝销售,,0,1,2030,3
3524,保安,,0,1,2031,3
3525,保安经理,,0,1,2031,3
3526,安全员,,0,1,2031,3
3527,地铁安检,,0,1,2031,3
3528,辅警,,0,1,2031,3
3529,协警,,0,1,2031,3
3530,交通管理员,,0,1,2031,3
3531,押运员,,0,1,2031,3
3532,消防中控员,,0,1,2031,3
3533,酒店前台,,0,1,2032,3
3534,酒店经理,,0,1,2032,3
3535,酒店大堂,,0,1,2032,3
3536,前厅经理,,0,1,2032,3
3537,客房服务员,,0,1,2032,3
3538,客房经理,,0,1,2032,3
3539,公寓管家,,0,1,2032,3
3540,民宿运营,,0,1,2032,3
3541,贵宾服务主任,,0,1,2032,3
3542,行李员,,0,1,2032,3
3543,保洁,,0,1,2033,3
3544,保洁经理,,0,1,2033,3
3545,保姆,,0,1,2033,3
3546,月嫂,,0,1,2033,3
3547,产后康复师,,0,1,2033,3
3548,催乳师,,0,1,2033,3
3549,家政,,0,1,2033,3
3550,钟点工,,0,1,2033,3
3551,水电维修,,0,1,2033,3
3552,电子/电器维修/保养,,0,1,2033,3
3553,计算机维修,,0,1,2033,3
3554,家电维修,,0,1,2033,3
3555,手机维修,,0,1,2033,3
3556,纱窗维修,,0,1,2033,3
3557,维修经理/主管,,0,1,2033,3
3558,旅游顾问,,0,1,2034,3
3559,旅游策划师,,0,1,2034,3
3560,旅游产品经理,,0,1,2034,3
3561,导游,,0,1,2034,3
3562,讲解员,,0,1,2034,3
3563,计调,,0,1,2034,3
3564,签证专员,,0,1,2034,3
3565,预定票务,,0,1,2034,3
3566,出镜操作,,0,1,2034,3
3567,酒店试睡员,,0,1,2034,3
3568,美容师,,0,1,2035,3
3569,化妆师,,0,1,2035,3
3570,美甲师,,0,1,2035,3
3571,发型师,,0,1,2035,3
3572,纹绣师,,0,1,2035,3
3573,美体师,,0,1,2035,3
3574,按摩师,,0,1,2035,3
3575,足疗师,,0,1,2035,3
3576,健康顾问,,0,1,2035,3
3577,美容顾问,,0,1,2035,3
3578,彩妆顾问,,0,1,2035,3
3579,会籍顾问,,0,1,2035,3
3580,健身顾问,,0,1,2036,3
3581,健身教练,,0,1,2036,3
3582,瑜伽教练,,0,1,2036,3
3583,美体教练,,0,1,2036,3
3584,舞蹈老师,,0,1,2036,3
3585,跆拳道教练,,0,1,2036,3
3586,武术教练,,0,1,2036,3
3587,游泳教练,,0,1,2036,3
3588,球类运动教练,,0,1,2036,3
3589,篮球/羽毛球教练,,0,1,2036,3
3590,高尔夫教练,,0,1,2036,3
3591,户外/游戏教练,,0,1,2036,3
3592,轮滑教练,,0,1,2036,3
3593,救生员,,0,1,2036,3
3594,潜水员,,0,1,2036,3
3595,宠物美容,,0,1,2037,3
3596,宠物医生,,0,1,2037,3
3597,兽医,,0,1,2037,3
3598,训犬师,,0,1,2037,3
3599,婚礼策划,,0,1,2038,3
3600,花艺师,,0,1,2038,3
3601,储备干部,,0,1,2039,3
3602,储备经理人,,0,1,2039,3
3603,事业单位人员,,0,1,2040,3
3604,公务员,,0,1,2040,3
3605,公共卫生,,0,1,2040,3
3606,疾病控制,,0,1,2040,3
3607,社工,,0,1,2041,3
3608,志愿者/义工,,0,1,2041,3
